source,target,weight,tie_type,bu_u,bu_v
E0001,E0019,0.86,frequent,HQ,HQ
E0001,E0133,1.0,often,HQ,HQ
E0002,E0048,1.0,often,BU_A,BU_A
E0002,E0061,0.5,idea_only,BU_A,BU_A
E0002,E0160,1.0,often,BU_A,BU_A
E0002,E0191,1.0,often,BU_A,BU_A
E0002,E0265,0.86,frequent,BU_A,BU_A
E0002,E0336,0.86,frequent,BU_A,BU_A
E0002,E0378,0.86,frequent,BU_A,BU_A
E0003,E0018,1.0,often,HQ,HQ
E0004,E0046,0.86,frequent,BU_A,BU_A
E0004,E0078,0.86,frequent,BU_A,BU_A
E0004,E0248,0.5,idea_only,BU_A,BU_A
E0004,E0341,0.5,idea_only,BU_A,BU_A
E0004,E0423,0.65,sometimes,BU_A,BU_A
E0004,E0504,1.0,often,BU_A,BU_A
E0004,E0506,1.0,often,BU_A,BU_A
E0005,E0013,0.5,idea_only,HQ,HQ
E0007,E0132,1.0,often,BU_A,BU_A
E0007,E0220,1.0,often,BU_A,BU_A
E0007,E0265,0.86,frequent,BU_A,BU_A
E0007,E0280,0.65,sometimes,BU_A,BU_A
E0007,E0284,1.0,often,BU_A,BU_A
E0008,E0329,0.65,sometimes,HQ,HQ
E0009,E0029,0.65,sometimes,BU_D,BU_D
E0009,E0087,1.0,often,BU_D,BU_D
E0011,E0502,1.0,often,HQ,HQ
E0012,E0467,1.0,often,HQ,HQ
E0015,E0020,0.86,frequent,HQ,HQ
E0015,E0022,1.0,often,HQ,HQ
E0021,E0182,1.0,often,HQ,HQ
E0022,E0069,0.5,idea_only,HQ,HQ
E0022,E0214,0.86,frequent,HQ,HQ
E0023,E0052,0.65,sometimes,BU_C,BU_C
E0023,E0212,0.86,frequent,BU_C,BU_C
E0023,E0229,0.86,frequent,BU_C,BU_C
E0023,E0235,0.65,sometimes,BU_C,BU_C
E0023,E0247,1.0,often,BU_C,BU_C
E0023,E0644,0.86,frequent,BU_C,BU_C
E0024,E0029,1.0,often,BU_D,BU_D
E0024,E0094,0.65,sometimes,BU_D,BU_D
E0024,E0101,0.65,sometimes,BU_D,BU_D
E0024,E0137,1.0,often,BU_D,BU_D
E0024,E0207,0.65,sometimes,BU_D,BU_D
E0024,E0255,0.86,frequent,BU_D,BU_D
E0024,E0322,0.86,frequent,BU_D,BU_D
E0024,E0347,0.86,frequent,BU_D,BU_D
E0024,E0490,1.0,often,BU_D,BU_D
E0024,E0513,0.86,frequent,BU_D,BU_D
E0026,E0280,1.0,often,BU_A,BU_A
E0026,E0452,0.86,frequent,BU_A,BU_A
E0026,E0504,1.0,often,BU_A,BU_A
E0026,E0661,0.86,frequent,BU_A,BU_A
E0027,E0174,0.86,frequent,BU_E,BU_E
E0027,E0219,1.0,often,BU_E,BU_E
E0027,E0222,0.65,sometimes,BU_E,BU_E
E0027,E0285,1.0,often,BU_E,BU_E
E0027,E0543,1.0,often,BU_E,BU_E
E0027,E0580,0.65,sometimes,BU_E,BU_E
E0027,E0592,0.86,frequent,BU_E,BU_E
E0028,E0293,1.0,often,BU_A,BU_A
E0028,E0348,1.0,often,BU_A,BU_A
E0028,E0407,0.86,frequent,BU_A,BU_A
E0028,E0481,1.0,often,BU_A,BU_A
E0028,E0485,0.5,idea_only,BU_A,BU_A
E0028,E0567,0.86,frequent,BU_A,BU_A
E0028,E0607,0.86,frequent,BU_A,BU_A
E0028,E0663,0.86,frequent,BU_A,BU_A
E0029,E0136,1.0,often,BU_D,BU_D
E0029,E0137,0.5,idea_only,BU_D,BU_D
E0029,E0257,1.0,often,BU_D,BU_D
E0029,E0276,1.0,often,BU_D,BU_D
E0029,E0310,0.86,frequent,BU_D,BU_D
E0029,E0508,1.0,often,BU_D,BU_D
E0029,E0520,1.0,often,BU_D,BU_D
E0030,E0142,0.86,frequent,BU_E,BU_E
E0030,E0283,1.0,often,BU_E,BU_E
E0030,E0620,1.0,often,BU_E,BU_E
E0031,E0075,0.86,frequent,BU_E,BU_E
E0031,E0193,0.86,frequent,BU_E,BU_E
E0031,E0222,0.86,frequent,BU_E,BU_E
E0031,E0285,1.0,often,BU_E,BU_E
E0031,E0321,0.86,frequent,BU_E,BU_E
E0031,E0358,1.0,often,BU_E,BU_E
E0031,E0373,1.0,often,BU_E,BU_E
E0031,E0392,0.86,frequent,BU_E,BU_E
E0031,E0488,1.0,often,BU_E,BU_E
E0032,E0108,0.65,sometimes,BU_B,BU_B
E0032,E0491,1.0,often,BU_B,BU_B
E0034,E0064,0.86,frequent,BU_B,BU_B
E0034,E0110,0.86,frequent,BU_B,BU_B
E0034,E0113,0.86,frequent,BU_B,BU_B
E0034,E0171,0.86,frequent,BU_B,BU_B
E0034,E0180,0.5,idea_only,BU_B,BU_B
E0034,E0267,0.86,frequent,BU_B,BU_B
E0034,E0290,1.0,often,BU_B,BU_B
E0034,E0397,1.0,often,BU_B,BU_B
E0034,E0491,1.0,often,BU_B,BU_B
E0034,E0499,1.0,often,BU_B,BU_B
E0035,E0276,1.0,often,BU_D,BU_D
E0035,E0318,0.86,frequent,BU_D,BU_D
E0035,E0395,1.0,often,BU_D,BU_D
E0036,E0283,1.0,often,BU_E,BU_E
E0036,E0433,0.86,frequent,BU_E,BU_E
E0036,E0546,0.86,frequent,BU_E,BU_E
E0036,E0580,0.86,frequent,BU_E,BU_E
E0037,E0040,0.65,sometimes,BU_C,BU_C
E0037,E0109,1.0,often,BU_C,BU_C
E0037,E0326,0.86,frequent,BU_C,BU_C
E0037,E0551,0.86,frequent,BU_C,BU_C
E0038,E0091,0.65,sometimes,BU_A,BU_A
E0038,E0297,1.0,often,BU_A,BU_A
E0038,E0378,0.86,frequent,BU_A,BU_A
E0038,E0439,1.0,often,BU_A,BU_A
E0038,E0523,0.86,frequent,BU_A,BU_A
E0038,E0603,1.0,often,BU_A,BU_A
E0039,E0157,1.0,often,BU_D,BU_D
E0039,E0307,0.65,sometimes,BU_D,BU_D
E0039,E0315,0.5,idea_only,BU_D,BU_D
E0039,E0416,0.86,frequent,BU_D,BU_D
E0039,E0520,0.86,frequent,BU_D,BU_D
E0039,E0595,1.0,often,BU_D,BU_D
E0039,E0635,0.65,sometimes,BU_D,BU_D
E0040,E0052,0.65,sometimes,BU_C,BU_C
E0040,E0320,0.86,frequent,BU_C,BU_C
E0040,E0417,0.65,sometimes,BU_C,BU_C
E0040,E0532,1.0,often,BU_C,BU_C
E0040,E0664,0.86,frequent,BU_C,BU_C
E0041,E0052,0.86,frequent,BU_C,BU_C
E0041,E0074,0.86,frequent,BU_C,BU_C
E0041,E0190,0.86,frequent,BU_C,BU_C
E0041,E0229,0.86,frequent,BU_C,BU_C
E0041,E0346,0.86,frequent,BU_C,BU_C
E0041,E0402,1.0,often,BU_C,BU_C
E0041,E0518,0.86,frequent,BU_C,BU_C
E0043,E0058,0.65,sometimes,BU_C,BU_C
E0043,E0178,0.86,frequent,BU_C,BU_C
E0043,E0247,0.65,sometimes,BU_C,BU_C
E0043,E0327,1.0,often,BU_C,BU_C
E0043,E0417,1.0,often,BU_C,BU_C
E0044,E0105,0.86,frequent,BU_D,BU_D
E0044,E0167,1.0,often,BU_D,BU_D
E0044,E0416,0.5,idea_only,BU_D,BU_D
E0044,E0636,1.0,often,BU_D,BU_D
E0045,E0057,0.86,frequent,BU_D,BU_D
E0045,E0157,0.86,frequent,BU_D,BU_D
E0045,E0333,0.65,sometimes,BU_D,BU_D
E0045,E0347,0.5,idea_only,BU_D,BU_D
E0045,E0411,0.86,frequent,BU_D,BU_D
E0045,E0595,1.0,often,BU_D,BU_D
E0046,E0061,1.0,often,BU_A,BU_A
E0046,E0085,1.0,often,BU_A,BU_A
E0046,E0279,0.5,idea_only,BU_A,BU_A
E0046,E0324,1.0,often,BU_A,BU_A
E0046,E0545,0.65,sometimes,BU_A,BU_A
E0046,E0661,0.65,sometimes,BU_A,BU_A
E0047,E0051,0.65,sometimes,BU_B,BU_B
E0047,E0097,0.65,sometimes,BU_B,BU_B
E0047,E0623,0.86,frequent,BU_B,BU_B
E0048,E0061,0.86,frequent,BU_A,BU_A
E0048,E0085,0.5,idea_only,BU_A,BU_A
E0048,E0155,0.5,idea_only,BU_A,BU_A
E0048,E0259,1.0,often,BU_A,BU_A
E0048,E0500,0.65,sometimes,BU_A,BU_A
E0048,E0569,1.0,often,BU_A,BU_A
E0049,E0117,0.5,idea_only,BU_C,BU_C
E0049,E0229,1.0,often,BU_C,BU_C
E0049,E0230,0.65,sometimes,BU_C,BU_C
E0049,E0371,0.86,frequent,BU_C,BU_C
E0050,E0137,1.0,often,BU_D,BU_D
E0050,E0266,0.86,frequent,BU_D,BU_D
E0050,E0306,0.86,frequent,BU_D,BU_D
E0051,E0476,0.86,frequent,BU_B,BU_B
E0052,E0066,0.65,sometimes,BU_C,BU_C
E0052,E0117,0.86,frequent,BU_C,BU_C
E0052,E0230,1.0,often,BU_C,BU_C
E0052,E0250,0.65,sometimes,BU_C,BU_C
E0052,E0268,0.86,frequent,BU_C,BU_C
E0052,E0316,1.0,often,BU_C,BU_C
E0052,E0427,1.0,often,BU_C,BU_C
E0052,E0444,0.86,frequent,BU_C,BU_C
E0052,E0515,1.0,often,BU_C,BU_C
E0053,E0105,1.0,often,BU_D,BU_D
E0053,E0347,0.5,idea_only,BU_D,BU_D
E0053,E0544,0.86,frequent,BU_D,BU_D
E0054,E0177,0.86,frequent,BU_C,BU_C
E0054,E0268,1.0,often,BU_C,BU_C
E0054,E0430,0.86,frequent,BU_C,BU_C
E0054,E0444,0.86,frequent,BU_C,BU_C
E0055,E0192,1.0,often,BU_A,BU_A
E0055,E0248,0.65,sometimes,BU_A,BU_A
E0055,E0254,1.0,often,BU_A,BU_A
E0055,E0294,0.86,frequent,BU_A,BU_A
E0055,E0324,0.65,sometimes,BU_A,BU_A
E0056,E0283,0.86,frequent,BU_E,BU_E
E0056,E0340,1.0,often,BU_E,BU_E
E0056,E0390,0.5,idea_only,BU_E,BU_E
E0057,E0101,0.86,frequent,BU_D,BU_D
E0057,E0166,0.86,frequent,BU_D,BU_D
E0057,E0203,1.0,often,BU_D,BU_D
E0057,E0205,1.0,often,BU_D,BU_D
E0057,E0233,1.0,often,BU_D,BU_D
E0057,E0372,1.0,often,BU_D,BU_D
E0057,E0395,0.5,idea_only,BU_D,BU_D
E0057,E0475,1.0,often,BU_D,BU_D
E0057,E0544,1.0,often,BU_D,BU_D
E0058,E0247,0.86,frequent,BU_C,BU_C
E0058,E0327,0.86,frequent,BU_C,BU_C
E0058,E0331,0.86,frequent,BU_C,BU_C
E0058,E0427,0.65,sometimes,BU_C,BU_C
E0058,E0524,1.0,often,BU_C,BU_C
E0058,E0576,0.65,sometimes,BU_C,BU_C
E0060,E0166,1.0,often,BU_D,BU_D
E0060,E0233,0.65,sometimes,BU_D,BU_D
E0060,E0310,0.86,frequent,BU_D,BU_D
E0060,E0339,1.0,often,BU_D,BU_D
E0061,E0259,1.0,often,BU_A,BU_A
E0061,E0297,0.86,frequent,BU_A,BU_A
E0061,E0423,0.86,frequent,BU_A,BU_A
E0061,E0440,1.0,often,BU_A,BU_A
E0061,E0485,0.5,idea_only,BU_A,BU_A
E0061,E0540,0.86,frequent,BU_A,BU_A
E0062,E0181,0.86,frequent,BU_B,BU_B
E0062,E0263,0.86,frequent,BU_B,BU_B
E0063,E0158,0.86,frequent,BU_E,BU_E
E0063,E0219,1.0,often,BU_E,BU_E
E0063,E0321,0.86,frequent,BU_E,BU_E
E0063,E0392,0.65,sometimes,BU_E,BU_E
E0063,E0409,1.0,often,BU_E,BU_E
E0063,E0546,0.86,frequent,BU_E,BU_E
E0064,E0103,0.86,frequent,BU_B,BU_B
E0064,E0119,0.86,frequent,BU_B,BU_B
E0064,E0126,0.5,idea_only,BU_B,BU_B
E0064,E0135,1.0,often,BU_B,BU_B
E0064,E0397,0.65,sometimes,BU_B,BU_B
E0064,E0561,1.0,often,BU_B,BU_B
E0065,E0103,0.86,frequent,BU_B,BU_B
E0065,E0188,0.65,sometimes,BU_B,BU_B
E0065,E0201,0.65,sometimes,BU_B,BU_B
E0065,E0290,0.86,frequent,BU_B,BU_B
E0065,E0304,0.86,frequent,BU_B,BU_B
E0066,E0308,1.0,often,BU_C,BU_C
E0066,E0320,0.86,frequent,BU_C,BU_C
E0066,E0331,1.0,often,BU_C,BU_C
E0066,E0532,1.0,often,BU_C,BU_C
E0066,E0551,1.0,often,BU_C,BU_C
E0066,E0576,0.86,frequent,BU_C,BU_C
E0067,E0185,1.0,often,BU_C,BU_C
E0067,E0479,0.65,sometimes,BU_C,BU_C
E0067,E0669,1.0,often,BU_C,BU_C
E0070,E0184,0.86,frequent,BU_A,BU_A
E0070,E0378,0.86,frequent,BU_A,BU_A
E0070,E0406,0.86,frequent,BU_A,BU_A
E0070,E0507,1.0,often,BU_A,BU_A
E0071,E0094,1.0,often,BU_D,BU_D
E0071,E0114,0.86,frequent,BU_D,BU_D
E0071,E0157,0.65,sometimes,BU_D,BU_D
E0071,E0205,0.65,sometimes,BU_D,BU_D
E0071,E0306,0.86,frequent,BU_D,BU_D
E0071,E0395,1.0,often,BU_D,BU_D
E0071,E0464,0.86,frequent,BU_D,BU_D
E0071,E0544,0.86,frequent,BU_D,BU_D
E0072,E0209,0.86,frequent,BU_E,BU_E
E0072,E0292,1.0,often,BU_E,BU_E
E0072,E0311,1.0,often,BU_E,BU_E
E0072,E0323,1.0,often,BU_E,BU_E
E0072,E0384,1.0,often,BU_E,BU_E
E0072,E0390,1.0,often,BU_E,BU_E
E0072,E0501,0.86,frequent,BU_E,BU_E
E0072,E0620,1.0,often,BU_E,BU_E
E0072,E0625,1.0,often,BU_E,BU_E
E0073,E0279,0.5,idea_only,BU_A,BU_A
E0073,E0282,0.5,idea_only,BU_A,BU_A
E0073,E0424,1.0,often,BU_A,BU_A
E0073,E0452,0.65,sometimes,BU_A,BU_A
E0073,E0603,0.86,frequent,BU_A,BU_A
E0074,E0095,1.0,often,BU_C,BU_C
E0074,E0144,0.65,sometimes,BU_C,BU_C
E0074,E0177,0.86,frequent,BU_C,BU_C
E0074,E0253,0.86,frequent,BU_C,BU_C
E0074,E0268,0.86,frequent,BU_C,BU_C
E0074,E0316,0.86,frequent,BU_C,BU_C
E0074,E0350,0.5,idea_only,BU_C,BU_C
E0074,E0380,0.86,frequent,BU_C,BU_C
E0074,E0497,0.86,frequent,BU_C,BU_C
E0074,E0503,1.0,often,BU_C,BU_C
E0074,E0604,0.86,frequent,BU_C,BU_C
E0075,E0102,0.65,sometimes,BU_E,BU_E
E0075,E0142,1.0,often,BU_E,BU_E
E0075,E0219,0.86,frequent,BU_E,BU_E
E0075,E0224,1.0,often,BU_E,BU_E
E0075,E0277,0.86,frequent,BU_E,BU_E
E0075,E0428,1.0,often,BU_E,BU_E
E0077,E0086,0.65,sometimes,BU_D,BU_D
E0077,E0092,0.65,sometimes,BU_D,BU_D
E0077,E0105,1.0,often,BU_D,BU_D
E0077,E0197,0.65,sometimes,BU_D,BU_D
E0077,E0205,0.65,sometimes,BU_D,BU_D
E0077,E0595,1.0,often,BU_D,BU_D
E0078,E0199,0.5,idea_only,BU_A,BU_A
E0078,E0206,1.0,often,BU_A,BU_A
E0078,E0220,0.86,frequent,BU_A,BU_A
E0078,E0279,0.5,idea_only,BU_A,BU_A
E0078,E0567,0.86,frequent,BU_A,BU_A
E0079,E0193,0.86,frequent,BU_E,BU_E
E0079,E0222,0.5,idea_only,BU_E,BU_E
E0079,E0287,0.86,frequent,BU_E,BU_E
E0079,E0421,0.5,idea_only,BU_E,BU_E
E0079,E0608,0.86,frequent,BU_E,BU_E
E0079,E0655,0.86,frequent,BU_E,BU_E
E0080,E0140,1.0,often,BU_E,BU_E
E0080,E0154,0.86,frequent,BU_E,BU_E
E0080,E0165,0.86,frequent,BU_E,BU_E
E0080,E0208,0.65,sometimes,BU_E,BU_E
E0080,E0409,0.86,frequent,BU_E,BU_E
E0080,E0522,1.0,often,BU_E,BU_E
E0080,E0543,0.86,frequent,BU_E,BU_E
E0080,E0592,0.65,sometimes,BU_E,BU_E
E0081,E0175,0.65,sometimes,BU_A,BU_A
E0081,E0191,0.65,sometimes,BU_A,BU_A
E0081,E0342,0.65,sometimes,BU_A,BU_A
E0081,E0348,0.86,frequent,BU_A,BU_A
E0081,E0349,0.5,idea_only,BU_A,BU_A
E0081,E0451,1.0,often,BU_A,BU_A
E0083,E0103,0.65,sometimes,BU_B,BU_B
E0083,E0149,1.0,often,BU_B,BU_B
E0083,E0161,0.86,frequent,BU_B,BU_B
E0083,E0194,1.0,often,BU_B,BU_B
E0083,E0364,0.65,sometimes,BU_B,BU_B
E0084,E0138,0.86,frequent,BU_A,BU_A
E0084,E0179,1.0,often,BU_A,BU_A
E0084,E0279,1.0,often,BU_A,BU_A
E0084,E0281,0.86,frequent,BU_A,BU_A
E0084,E0386,0.86,frequent,BU_A,BU_A
E0084,E0481,0.65,sometimes,BU_A,BU_A
E0084,E0536,1.0,often,BU_A,BU_A
E0084,E0607,0.86,frequent,BU_A,BU_A
E0085,E0156,0.65,sometimes,BU_A,BU_A
E0085,E0199,0.86,frequent,BU_A,BU_A
E0085,E0293,1.0,often,BU_A,BU_A
E0085,E0336,1.0,often,BU_A,BU_A
E0085,E0341,0.86,frequent,BU_A,BU_A
E0086,E0094,1.0,often,BU_D,BU_D
E0086,E0255,0.65,sometimes,BU_D,BU_D
E0086,E0307,0.65,sometimes,BU_D,BU_D
E0086,E0411,0.65,sometimes,BU_D,BU_D
E0086,E0464,0.65,sometimes,BU_D,BU_D
E0087,E0157,0.86,frequent,BU_D,BU_D
E0087,E0339,0.5,idea_only,BU_D,BU_D
E0087,E0434,0.86,frequent,BU_D,BU_D
E0087,E0508,0.65,sometimes,BU_D,BU_D
E0087,E0533,1.0,often,BU_D,BU_D
E0088,E0139,0.5,idea_only,BU_E,BU_E
E0088,E0208,0.86,frequent,BU_E,BU_E
E0088,E0530,0.86,frequent,BU_E,BU_E
E0089,E0193,0.65,sometimes,BU_E,BU_E
E0089,E0283,0.86,frequent,BU_E,BU_E
E0089,E0311,0.65,sometimes,BU_E,BU_E
E0089,E0365,0.86,frequent,BU_E,BU_E
E0089,E0421,0.86,frequent,BU_E,BU_E
E0089,E0501,0.86,frequent,BU_E,BU_E
E0089,E0517,1.0,often,BU_E,BU_E
E0089,E0587,1.0,often,BU_E,BU_E
E0089,E0625,0.86,frequent,BU_E,BU_E
E0089,E0655,0.86,frequent,BU_E,BU_E
E0090,E0182,0.86,frequent,HQ,HQ
E0091,E0162,1.0,often,BU_A,BU_A
E0091,E0175,1.0,often,BU_A,BU_A
E0091,E0195,0.65,sometimes,BU_A,BU_A
E0091,E0206,1.0,often,BU_A,BU_A
E0091,E0248,0.86,frequent,BU_A,BU_A
E0091,E0279,0.5,idea_only,BU_A,BU_A
E0091,E0439,1.0,often,BU_A,BU_A
E0091,E0485,0.86,frequent,BU_A,BU_A
E0092,E0166,0.86,frequent,BU_D,BU_D
E0092,E0216,1.0,often,BU_D,BU_D
E0092,E0255,0.86,frequent,BU_D,BU_D
E0092,E0307,0.86,frequent,BU_D,BU_D
E0092,E0419,0.65,sometimes,BU_D,BU_D
E0092,E0508,1.0,often,BU_D,BU_D
E0093,E0108,0.65,sometimes,BU_B,BU_B
E0093,E0302,0.86,frequent,BU_B,BU_B
E0094,E0216,1.0,often,BU_D,BU_D
E0094,E0595,1.0,often,BU_D,BU_D
E0095,E0159,1.0,often,BU_C,BU_C
E0095,E0190,1.0,often,BU_C,BU_C
E0095,E0230,1.0,often,BU_C,BU_C
E0095,E0320,0.86,frequent,BU_C,BU_C
E0095,E0362,1.0,often,BU_C,BU_C
E0095,E0426,1.0,often,BU_C,BU_C
E0096,E0166,0.65,sometimes,BU_D,BU_D
E0096,E0225,0.86,frequent,BU_D,BU_D
E0096,E0322,1.0,often,BU_D,BU_D
E0096,E0508,0.65,sometimes,BU_D,BU_D
E0096,E0656,0.86,frequent,BU_D,BU_D
E0097,E0112,0.65,sometimes,BU_B,BU_B
E0097,E0119,1.0,often,BU_B,BU_B
E0097,E0170,1.0,often,BU_B,BU_B
E0097,E0354,0.86,frequent,BU_B,BU_B
E0097,E0623,1.0,often,BU_B,BU_B
E0098,E0149,0.65,sometimes,BU_B,BU_B
E0098,E0309,0.5,idea_only,BU_B,BU_B
E0098,E0345,0.65,sometimes,BU_B,BU_B
E0098,E0412,0.65,sometimes,BU_B,BU_B
E0098,E0478,1.0,often,BU_B,BU_B
E0099,E0125,1.0,often,BU_C,BU_C
E0099,E0169,1.0,often,BU_C,BU_C
E0099,E0230,1.0,often,BU_C,BU_C
E0099,E0250,1.0,often,BU_C,BU_C
E0099,E0314,0.86,frequent,BU_C,BU_C
E0099,E0326,1.0,often,BU_C,BU_C
E0099,E0363,1.0,often,BU_C,BU_C
E0099,E0366,1.0,often,BU_C,BU_C
E0099,E0422,0.86,frequent,BU_C,BU_C
E0099,E0497,1.0,often,BU_C,BU_C
E0099,E0669,1.0,often,BU_C,BU_C
E0100,E0123,0.86,frequent,BU_B,BU_B
E0101,E0186,1.0,often,BU_D,BU_D
E0101,E0322,0.5,idea_only,BU_D,BU_D
E0101,E0490,1.0,often,BU_D,BU_D
E0101,E0519,0.86,frequent,BU_D,BU_D
E0102,E0140,1.0,often,BU_E,BU_E
E0102,E0165,0.86,frequent,BU_E,BU_E
E0102,E0172,0.86,frequent,BU_E,BU_E
E0102,E0176,0.86,frequent,BU_E,BU_E
E0102,E0209,0.65,sometimes,BU_E,BU_E
E0102,E0493,0.86,frequent,BU_E,BU_E
E0103,E0120,0.86,frequent,BU_B,BU_B
E0103,E0181,0.86,frequent,BU_B,BU_B
E0103,E0304,0.86,frequent,BU_B,BU_B
E0103,E0512,1.0,often,BU_B,BU_B
E0103,E0623,0.86,frequent,BU_B,BU_B
E0104,E0320,0.65,sometimes,BU_C,BU_C
E0104,E0362,0.86,frequent,BU_C,BU_C
E0104,E0479,0.86,frequent,BU_C,BU_C
E0104,E0515,0.86,frequent,BU_C,BU_C
E0104,E0576,1.0,often,BU_C,BU_C
E0104,E0664,1.0,often,BU_C,BU_C
E0105,E0197,1.0,often,BU_D,BU_D
E0105,E0203,0.5,idea_only,BU_D,BU_D
E0105,E0544,0.86,frequent,BU_D,BU_D
E0105,E0624,0.65,sometimes,BU_D,BU_D
E0107,E0241,0.65,sometimes,BU_E,BU_E
E0107,E0275,0.86,frequent,BU_E,BU_E
E0108,E0161,0.86,frequent,BU_B,BU_B
E0108,E0442,0.65,sometimes,BU_B,BU_B
E0108,E0574,0.86,frequent,BU_B,BU_B
E0109,E0190,1.0,often,BU_C,BU_C
E0109,E0262,0.86,frequent,BU_C,BU_C
E0109,E0366,0.86,frequent,BU_C,BU_C
E0109,E0427,0.65,sometimes,BU_C,BU_C
E0109,E0482,0.86,frequent,BU_C,BU_C
E0110,E0170,1.0,often,BU_B,BU_B
E0110,E0187,0.86,frequent,BU_B,BU_B
E0110,E0300,1.0,often,BU_B,BU_B
E0111,E0269,1.0,often,BU_D,BU_D
E0112,E0290,0.86,frequent,BU_B,BU_B
E0113,E0196,1.0,often,BU_B,BU_B
E0114,E0197,1.0,often,BU_D,BU_D
E0114,E0233,0.5,idea_only,BU_D,BU_D
E0115,E0177,1.0,often,BU_C,BU_C
E0115,E0515,0.86,frequent,BU_C,BU_C
E0115,E0576,0.5,idea_only,BU_C,BU_C
E0115,E0669,1.0,often,BU_C,BU_C
E0116,E0329,0.86,frequent,HQ,HQ
E0117,E0152,1.0,often,BU_C,BU_C
E0117,E0291,0.86,frequent,BU_C,BU_C
E0117,E0327,0.5,idea_only,BU_C,BU_C
E0117,E0350,1.0,often,BU_C,BU_C
E0118,E0147,0.5,idea_only,BU_A,BU_A
E0118,E0162,0.65,sometimes,BU_A,BU_A
E0118,E0332,0.65,sometimes,BU_A,BU_A
E0118,E0344,1.0,often,BU_A,BU_A
E0118,E0378,0.86,frequent,BU_A,BU_A
E0119,E0135,0.86,frequent,BU_B,BU_B
E0119,E0448,1.0,often,BU_B,BU_B
E0120,E0397,0.86,frequent,BU_B,BU_B
E0120,E0401,0.65,sometimes,BU_B,BU_B
E0120,E0512,0.5,idea_only,BU_B,BU_B
E0120,E0514,0.5,idea_only,BU_B,BU_B
E0121,E0143,0.86,frequent,BU_D,BU_D
E0121,E0150,0.65,sometimes,BU_D,BU_D
E0121,E0197,0.65,sometimes,BU_D,BU_D
E0121,E0276,1.0,often,BU_D,BU_D
E0121,E0322,1.0,often,BU_D,BU_D
E0121,E0381,0.86,frequent,BU_D,BU_D
E0121,E0416,1.0,often,BU_D,BU_D
E0121,E0464,1.0,often,BU_D,BU_D
E0121,E0519,0.86,frequent,BU_D,BU_D
E0121,E0533,0.86,frequent,BU_D,BU_D
E0123,E0171,0.86,frequent,BU_B,BU_B
E0123,E0300,0.86,frequent,BU_B,BU_B
E0123,E0442,0.5,idea_only,BU_B,BU_B
E0123,E0471,0.65,sometimes,BU_B,BU_B
E0124,E0365,1.0,often,BU_E,BU_E
E0124,E0421,1.0,often,BU_E,BU_E
E0124,E0522,0.65,sometimes,BU_E,BU_E
E0124,E0608,1.0,often,BU_E,BU_E
E0125,E0235,0.86,frequent,BU_C,BU_C
E0125,E0268,1.0,often,BU_C,BU_C
E0125,E0362,1.0,often,BU_C,BU_C
E0125,E0367,1.0,often,BU_C,BU_C
E0125,E0644,0.86,frequent,BU_C,BU_C
E0126,E0146,1.0,often,BU_B,BU_B
E0126,E0442,0.86,frequent,BU_B,BU_B
E0127,E0160,0.5,idea_only,BU_A,BU_A
E0127,E0439,0.86,frequent,BU_A,BU_A
E0127,E0452,0.5,idea_only,BU_A,BU_A
E0127,E0481,0.86,frequent,BU_A,BU_A
E0127,E0529,0.65,sometimes,BU_A,BU_A
E0128,E0247,1.0,often,BU_C,BU_C
E0128,E0334,1.0,often,BU_C,BU_C
E0128,E0366,0.86,frequent,BU_C,BU_C
E0130,E0135,0.65,sometimes,BU_B,BU_B
E0130,E0448,0.86,frequent,BU_B,BU_B
E0130,E0471,0.65,sometimes,BU_B,BU_B
E0130,E0623,1.0,often,BU_B,BU_B
E0132,E0254,1.0,often,BU_A,BU_A
E0132,E0293,1.0,often,BU_A,BU_A
E0132,E0451,1.0,often,BU_A,BU_A
E0132,E0567,1.0,often,BU_A,BU_A
E0132,E0607,1.0,often,BU_A,BU_A
E0135,E0471,0.86,frequent,BU_B,BU_B
E0135,E0478,1.0,often,BU_B,BU_B
E0136,E0269,1.0,often,BU_D,BU_D
E0136,E0307,0.65,sometimes,BU_D,BU_D
E0138,E0210,0.86,frequent,BU_A,BU_A
E0138,E0265,1.0,often,BU_A,BU_A
E0138,E0297,0.5,idea_only,BU_A,BU_A
E0138,E0418,1.0,often,BU_A,BU_A
E0139,E0340,0.86,frequent,BU_E,BU_E
E0139,E0501,1.0,often,BU_E,BU_E
E0139,E0517,1.0,often,BU_E,BU_E
E0140,E0145,1.0,often,BU_E,BU_E
E0140,E0208,0.65,sometimes,BU_E,BU_E
E0140,E0428,0.65,sometimes,BU_E,BU_E
E0140,E0474,1.0,often,BU_E,BU_E
E0140,E0546,0.65,sometimes,BU_E,BU_E
E0140,E0582,1.0,often,BU_E,BU_E
E0141,E0142,0.86,frequent,BU_E,BU_E
E0141,E0193,0.86,frequent,BU_E,BU_E
E0141,E0292,1.0,often,BU_E,BU_E
E0142,E0145,0.86,frequent,BU_E,BU_E
E0142,E0219,1.0,often,BU_E,BU_E
E0142,E0373,1.0,often,BU_E,BU_E
E0142,E0546,0.86,frequent,BU_E,BU_E
E0143,E0205,0.65,sometimes,BU_D,BU_D
E0143,E0266,0.86,frequent,BU_D,BU_D
E0143,E0306,1.0,often,BU_D,BU_D
E0143,E0635,1.0,often,BU_D,BU_D
E0143,E0569,0.65,sometimes,BU_D,BU_A
E0144,E0273,1.0,often,BU_C,BU_C
E0144,E0291,0.5,idea_only,BU_C,BU_C
E0144,E0314,0.86,frequent,BU_C,BU_C
E0144,E0363,0.86,frequent,BU_C,BU_C
E0144,E0427,0.65,sometimes,BU_C,BU_C
E0145,E0222,0.86,frequent,BU_E,BU_E
E0145,E0224,1.0,often,BU_E,BU_E
E0145,E0275,1.0,often,BU_E,BU_E
E0145,E0285,0.65,sometimes,BU_E,BU_E
E0145,E0287,0.86,frequent,BU_E,BU_E
E0146,E0217,0.86,frequent,BU_B,BU_B
E0146,E0288,1.0,often,BU_B,BU_B
E0146,E0300,1.0,often,BU_B,BU_B
E0146,E0351,1.0,often,BU_B,BU_B
E0146,E0555,0.65,sometimes,BU_B,BU_B
E0146,E0561,0.86,frequent,BU_B,BU_B
E0147,E0206,0.5,idea_only,BU_A,BU_A
E0147,E0286,1.0,often,BU_A,BU_A
E0147,E0341,0.65,sometimes,BU_A,BU_A
E0147,E0545,1.0,often,BU_A,BU_A
E0148,E0326,1.0,often,BU_C,BU_C
E0148,E0524,0.5,idea_only,BU_C,BU_C
E0149,E0189,0.86,frequent,BU_B,BU_B
E0149,E0442,0.65,sometimes,BU_B,BU_B
E0149,E0448,1.0,often,BU_B,BU_B
E0149,E0574,0.86,frequent,BU_B,BU_B
E0150,E0233,0.86,frequent,BU_D,BU_D
E0150,E0306,1.0,often,BU_D,BU_D
E0150,E0432,0.5,idea_only,BU_D,BU_D
E0151,E0219,0.86,frequent,BU_E,BU_E
E0151,E0224,1.0,often,BU_E,BU_E
E0152,E0253,0.65,sometimes,BU_C,BU_C
E0152,E0422,0.86,frequent,BU_C,BU_C
E0152,E0444,0.86,frequent,BU_C,BU_C
E0154,E0365,0.65,sometimes,BU_E,BU_E
E0154,E0474,0.65,sometimes,BU_E,BU_E
E0154,E0494,1.0,often,BU_E,BU_E
E0154,E0625,0.86,frequent,BU_E,BU_E
E0155,E0337,0.65,sometimes,BU_A,BU_A
E0155,E0439,1.0,often,BU_A,BU_A
E0155,E0536,1.0,often,BU_A,BU_A
E0156,E0218,1.0,often,BU_A,BU_A
E0156,E0279,0.86,frequent,BU_A,BU_A
E0156,E0536,1.0,often,BU_A,BU_A
E0156,E0569,0.65,sometimes,BU_A,BU_A
E0157,E0205,1.0,often,BU_D,BU_D
E0157,E0221,1.0,often,BU_D,BU_D
E0157,E0233,1.0,often,BU_D,BU_D
E0157,E0372,1.0,often,BU_D,BU_D
E0157,E0480,1.0,often,BU_D,BU_D
E0158,E0409,1.0,often,BU_E,BU_E
E0159,E0229,1.0,often,BU_C,BU_C
E0159,E0270,1.0,often,BU_C,BU_C
E0159,E0320,0.86,frequent,BU_C,BU_C
E0159,E0326,1.0,often,BU_C,BU_C
E0159,E0331,1.0,often,BU_C,BU_C
E0159,E0338,1.0,often,BU_C,BU_C
E0159,E0482,1.0,often,BU_C,BU_C
E0159,E0644,1.0,often,BU_C,BU_C
E0160,E0183,0.86,frequent,BU_A,BU_A
E0160,E0206,0.86,frequent,BU_A,BU_A
E0160,E0342,0.5,idea_only,BU_A,BU_A
E0161,E0453,0.65,sometimes,BU_B,BU_B
E0162,E0192,0.5,idea_only,BU_A,BU_A
E0162,E0357,0.65,sometimes,BU_A,BU_A
E0162,E0481,0.65,sometimes,BU_A,BU_A
E0165,E0219,1.0,often,BU_E,BU_E
E0165,E0222,0.86,frequent,BU_E,BU_E
E0165,E0433,1.0,often,BU_E,BU_E
E0165,E0495,0.86,frequent,BU_E,BU_E
E0166,E0186,0.86,frequent,BU_D,BU_D
E0166,E0347,1.0,often,BU_D,BU_D
E0167,E0255,0.5,idea_only,BU_D,BU_D
E0167,E0381,1.0,often,BU_D,BU_D
E0169,E0178,0.86,frequent,BU_C,BU_C
E0169,E0185,0.65,sometimes,BU_C,BU_C
E0170,E0468,0.86,frequent,BU_B,BU_B
E0170,E0476,0.65,sometimes,BU_B,BU_B
E0171,E0267,1.0,often,BU_B,BU_B
E0171,E0370,0.86,frequent,BU_B,BU_B
E0171,E0512,1.0,often,BU_B,BU_B
E0172,E0275,0.86,frequent,BU_E,BU_E
E0172,E0301,0.86,frequent,BU_E,BU_E
E0172,E0311,0.86,frequent,BU_E,BU_E
E0172,E0379,1.0,often,BU_E,BU_E
E0172,E0384,1.0,often,BU_E,BU_E
E0172,E0428,1.0,often,BU_E,BU_E
E0172,E0456,0.65,sometimes,BU_E,BU_E
E0173,E0191,0.86,frequent,BU_A,BU_A
E0173,E0210,0.65,sometimes,BU_A,BU_A
E0173,E0248,1.0,often,BU_A,BU_A
E0173,E0293,0.65,sometimes,BU_A,BU_A
E0173,E0498,0.5,idea_only,BU_A,BU_A
E0173,E0536,0.65,sometimes,BU_A,BU_A
E0174,E0223,1.0,often,BU_E,BU_E
E0174,E0292,0.86,frequent,BU_E,BU_E
E0174,E0428,1.0,often,BU_E,BU_E
E0175,E0284,0.65,sometimes,BU_A,BU_A
E0175,E0297,1.0,often,BU_A,BU_A
E0175,E0341,1.0,often,BU_A,BU_A
E0175,E0407,0.5,idea_only,BU_A,BU_A
E0175,E0567,0.65,sometimes,BU_A,BU_A
E0175,E0632,1.0,often,BU_A,BU_A
E0176,E0379,0.5,idea_only,BU_E,BU_E
E0176,E0403,1.0,often,BU_E,BU_E
E0176,E0456,1.0,often,BU_E,BU_E
E0176,E0501,0.86,frequent,BU_E,BU_E
E0176,E0592,0.65,sometimes,BU_E,BU_E
E0176,E0620,0.86,frequent,BU_E,BU_E
E0177,E0669,1.0,often,BU_C,BU_C
E0178,E0273,0.65,sometimes,BU_C,BU_C
E0178,E0320,1.0,often,BU_C,BU_C
E0178,E0417,1.0,often,BU_C,BU_C
E0178,E0525,0.65,sometimes,BU_C,BU_C
E0179,E0191,0.65,sometimes,BU_A,BU_A
E0179,E0481,1.0,often,BU_A,BU_A
E0179,E0498,0.65,sometimes,BU_A,BU_A
E0179,E0603,0.86,frequent,BU_A,BU_A
E0179,E0663,0.86,frequent,BU_A,BU_A
E0180,E0181,0.86,frequent,BU_B,BU_B
E0180,E0304,0.86,frequent,BU_B,BU_B
E0180,E0309,0.86,frequent,BU_B,BU_B
E0180,E0476,0.65,sometimes,BU_B,BU_B
E0180,E0555,0.86,frequent,BU_B,BU_B
E0181,E0227,1.0,often,BU_B,BU_B
E0183,E0184,0.86,frequent,BU_A,BU_A
E0183,E0293,1.0,often,BU_A,BU_A
E0183,E0459,1.0,often,BU_A,HQ
E0184,E0284,1.0,often,BU_A,BU_A
E0184,E0424,0.86,frequent,BU_A,BU_A
E0185,E0308,1.0,often,BU_C,BU_C
E0185,E0327,1.0,often,BU_C,BU_C
E0185,E0363,1.0,often,BU_C,BU_C
E0185,E0402,1.0,often,BU_C,BU_C
E0185,E0404,0.65,sometimes,BU_C,BU_C
E0185,E0417,0.86,frequent,BU_C,BU_C
E0185,E0532,0.65,sometimes,BU_C,BU_C
E0186,E0313,0.5,idea_only,BU_D,BU_D
E0187,E0435,0.65,sometimes,BU_B,BU_B
E0187,E0478,0.65,sometimes,BU_B,BU_B
E0188,E0189,0.86,frequent,BU_B,BU_B
E0189,E0499,1.0,often,BU_B,BU_B
E0190,E0247,0.86,frequent,BU_C,BU_C
E0190,E0532,0.5,idea_only,BU_C,BU_C
E0190,E0644,1.0,often,BU_C,BU_C
E0191,E0280,1.0,often,BU_A,BU_A
E0191,E0281,0.5,idea_only,BU_A,BU_A
E0191,E0297,0.86,frequent,BU_A,BU_A
E0191,E0305,0.65,sometimes,BU_A,BU_A
E0191,E0536,0.86,frequent,BU_A,BU_A
E0192,E0206,0.65,sometimes,BU_A,BU_A
E0192,E0254,1.0,often,BU_A,BU_A
E0192,E0294,0.86,frequent,BU_A,BU_A
E0192,E0357,0.86,frequent,BU_A,BU_A
E0192,E0378,1.0,often,BU_A,BU_A
E0192,E0481,0.65,sometimes,BU_A,BU_A
E0192,E0545,0.65,sometimes,BU_A,BU_A
E0192,E0603,0.5,idea_only,BU_A,BU_A
E0193,E0198,1.0,often,BU_E,BU_E
E0193,E0275,0.86,frequent,BU_E,BU_E
E0193,E0277,0.65,sometimes,BU_E,BU_E
E0193,E0325,0.86,frequent,BU_E,BU_E
E0193,E0373,1.0,often,BU_E,BU_E
E0193,E0580,1.0,often,BU_E,BU_E
E0193,E0592,0.86,frequent,BU_E,BU_E
E0194,E0196,0.65,sometimes,BU_B,BU_B
E0194,E0278,1.0,often,BU_B,BU_B
E0194,E0448,1.0,often,BU_B,BU_B
E0194,E0514,0.86,frequent,BU_B,BU_B
E0194,E0574,1.0,often,BU_B,BU_B
E0195,E0274,0.86,frequent,BU_A,BU_A
E0195,E0297,0.86,frequent,BU_A,BU_A
E0195,E0418,1.0,often,BU_A,BU_A
E0195,E0545,0.86,frequent,BU_A,BU_A
E0195,E0607,0.86,frequent,BU_A,BU_A
E0196,E0290,1.0,often,BU_B,BU_B
E0196,E0345,0.65,sometimes,BU_B,BU_B
E0196,E0435,0.65,sometimes,BU_B,BU_B
E0197,E0257,0.65,sometimes,BU_D,BU_D
E0197,E0269,0.86,frequent,BU_D,BU_D
E0197,E0624,1.0,often,BU_D,BU_D
E0197,E0635,1.0,often,BU_D,BU_D
E0198,E0392,1.0,often,BU_E,BU_E
E0198,E0474,0.86,frequent,BU_E,BU_E
E0198,E0582,0.65,sometimes,BU_E,BU_E
E0198,E0592,0.5,idea_only,BU_E,BU_E
E0198,E0608,0.65,sometimes,BU_E,BU_E
E0199,E0485,1.0,often,BU_A,BU_A
E0199,E0536,1.0,often,BU_A,BU_A
E0200,E0235,0.86,frequent,BU_C,BU_C
E0200,E0308,1.0,often,BU_C,BU_C
E0200,E0363,0.65,sometimes,BU_C,BU_C
E0200,E0367,1.0,often,BU_C,BU_C
E0200,E0404,0.65,sometimes,BU_C,BU_C
E0200,E0417,1.0,often,BU_C,BU_C
E0200,E0444,0.65,sometimes,BU_C,BU_C
E0200,E0521,1.0,often,BU_C,BU_C
E0200,E0551,0.86,frequent,BU_C,BU_C
E0201,E0442,0.86,frequent,BU_B,BU_B
E0201,E0448,1.0,often,BU_B,BU_B
E0201,E0491,1.0,often,BU_B,BU_B
E0205,E0635,0.65,sometimes,BU_D,BU_D
E0205,E0636,0.86,frequent,BU_D,BU_D
E0205,E0656,1.0,often,BU_D,BU_D
E0206,E0294,0.5,idea_only,BU_A,BU_A
E0206,E0328,0.86,frequent,BU_A,BU_A
E0206,E0496,1.0,often,BU_A,BU_A
E0206,E0540,1.0,often,BU_A,BU_A
E0206,E0663,1.0,often,BU_A,BU_A
E0207,E0656,0.86,frequent,BU_D,BU_D
E0208,E0283,0.65,sometimes,BU_E,BU_E
E0208,E0321,0.86,frequent,BU_E,BU_E
E0209,E0384,0.5,idea_only,BU_E,BU_E
E0209,E0501,0.86,frequent,BU_E,BU_E
E0209,E0517,0.86,frequent,BU_E,BU_E
E0209,E0543,0.5,idea_only,BU_E,BU_E
E0209,E0608,0.5,idea_only,BU_E,BU_E
E0210,E0297,0.86,frequent,BU_A,BU_A
E0210,E0496,1.0,often,BU_A,BU_A
E0210,E0506,1.0,often,BU_A,BU_A
E0210,E0507,0.5,idea_only,BU_A,BU_A
E0212,E0273,0.65,sometimes,BU_C,BU_C
E0212,E0291,0.86,frequent,BU_C,BU_C
E0212,E0497,0.65,sometimes,BU_C,BU_C
E0212,E0526,1.0,often,BU_C,BU_C
E0214,E0646,1.0,often,HQ,HQ
E0216,E0319,0.65,sometimes,BU_D,BU_D
E0216,E0339,0.65,sometimes,BU_D,BU_D
E0217,E0227,1.0,often,BU_B,BU_B
E0217,E0288,0.65,sometimes,BU_B,BU_B
E0217,E0458,1.0,often,BU_B,BU_B
E0218,E0282,0.5,idea_only,BU_A,BU_A
E0218,E0406,0.65,sometimes,BU_A,BU_A
E0218,E0407,0.5,idea_only,BU_A,BU_A
E0218,E0451,0.65,sometimes,BU_A,BU_A
E0218,E0500,1.0,often,BU_A,BU_A
E0218,E0517,0.5,idea_only,BU_A,BU_E
E0219,E0321,0.65,sometimes,BU_E,BU_E
E0219,E0392,1.0,often,BU_E,BU_E
E0219,E0580,1.0,often,BU_E,BU_E
E0219,E0625,0.65,sometimes,BU_E,BU_E
E0219,E0651,0.5,idea_only,BU_E,BU_E
E0220,E0342,1.0,often,BU_A,BU_A
E0220,E0569,0.65,sometimes,BU_A,BU_A
E0221,E0233,0.5,idea_only,BU_D,BU_D
E0222,E0384,1.0,often,BU_E,BU_E
E0222,E0456,0.86,frequent,BU_E,BU_E
E0222,E0494,0.5,idea_only,BU_E,BU_E
E0222,E0546,1.0,often,BU_E,BU_E
E0222,E0651,1.0,often,BU_E,BU_E
E0223,E0340,0.86,frequent,BU_E,BU_E
E0223,E0353,0.65,sometimes,BU_E,BU_E
E0223,E0543,0.86,frequent,BU_E,BU_E
E0224,E0587,0.86,frequent,BU_E,BU_E
E0225,E0508,1.0,often,BU_D,BU_D
E0225,E0656,0.86,frequent,BU_D,BU_D
E0229,E0320,0.86,frequent,BU_C,BU_C
E0229,E0422,1.0,often,BU_C,BU_C
E0229,E0525,1.0,often,BU_C,BU_C
E0230,E0526,0.65,sometimes,BU_C,BU_C
E0233,E0266,1.0,often,BU_D,BU_D
E0233,E0322,1.0,often,BU_D,BU_D
E0233,E0520,0.86,frequent,BU_D,BU_D
E0235,E0331,0.5,idea_only,BU_C,BU_C
E0235,E0334,0.86,frequent,BU_C,BU_C
E0235,E0363,0.5,idea_only,BU_C,BU_C
E0235,E0366,1.0,often,BU_C,BU_C
E0235,E0427,1.0,often,BU_C,BU_C
E0235,E0479,0.86,frequent,BU_C,BU_C
E0236,E0423,0.86,frequent,BU_A,BU_A
E0236,E0498,0.86,frequent,BU_A,BU_A
E0238,E0247,1.0,often,BU_C,BU_C
E0238,E0291,0.86,frequent,BU_C,BU_C
E0238,E0320,1.0,often,BU_C,BU_C
E0238,E0356,0.65,sometimes,BU_C,BU_C
E0238,E0363,0.65,sometimes,BU_C,BU_C
E0238,E0422,0.86,frequent,BU_C,BU_C
E0238,E0427,1.0,often,BU_C,BU_C
E0238,E0430,0.86,frequent,BU_C,BU_C
E0238,E0576,1.0,often,BU_C,BU_C
E0239,E0288,1.0,often,BU_B,BU_B
E0239,E0400,0.86,frequent,BU_B,BU_B
E0239,E0458,0.86,frequent,BU_B,BU_B
E0240,E0345,0.86,frequent,BU_B,BU_B
E0241,E0275,0.65,sometimes,BU_E,BU_E
E0241,E0311,0.86,frequent,BU_E,BU_E
E0241,E0321,1.0,often,BU_E,BU_E
E0241,E0384,0.5,idea_only,BU_E,BU_E
E0241,E0501,0.86,frequent,BU_E,BU_E
E0241,E0517,0.65,sometimes,BU_E,BU_E
E0241,E0587,0.86,frequent,BU_E,BU_E
E0244,E0464,1.0,often,BU_D,BU_D
E0244,E0533,0.86,frequent,BU_D,BU_D
E0244,E0635,0.65,sometimes,BU_D,BU_D
E0244,E0636,1.0,often,BU_D,BU_D
E0247,E0253,0.65,sometimes,BU_C,BU_C
E0247,E0350,0.65,sometimes,BU_C,BU_C
E0247,E0362,0.65,sometimes,BU_C,BU_C
E0247,E0366,1.0,often,BU_C,BU_C
E0247,E0380,0.86,frequent,BU_C,BU_C
E0247,E0479,0.5,idea_only,BU_C,BU_C
E0247,E0524,1.0,often,BU_C,BU_C
E0247,E0525,0.5,idea_only,BU_C,BU_C
E0248,E0423,0.86,frequent,BU_A,BU_A
E0249,E0390,0.65,sometimes,BU_E,BU_E
E0249,E0421,0.65,sometimes,BU_E,BU_E
E0249,E0582,0.65,sometimes,BU_E,BU_E
E0250,E0362,0.86,frequent,BU_C,BU_C
E0250,E0604,0.65,sometimes,BU_C,BU_C
E0252,E0287,0.86,frequent,BU_E,BU_E
E0252,E0409,1.0,often,BU_E,BU_E
E0252,E0543,1.0,often,BU_E,BU_E
E0253,E0427,1.0,often,BU_C,BU_C
E0253,E0444,1.0,often,BU_C,BU_C
E0253,E0644,0.86,frequent,BU_C,BU_C
E0254,E0280,0.65,sometimes,BU_A,BU_A
E0254,E0286,1.0,often,BU_A,BU_A
E0254,E0342,0.86,frequent,BU_A,BU_A
E0254,E0378,0.5,idea_only,BU_A,BU_A
E0254,E0661,0.86,frequent,BU_A,BU_A
E0255,E0339,0.86,frequent,BU_D,BU_D
E0257,E0410,1.0,often,BU_D,BU_D
E0257,E0544,1.0,often,BU_D,BU_D
E0257,E0656,0.65,sometimes,BU_D,BU_D
E0259,E0341,0.65,sometimes,BU_A,BU_A
E0259,E0496,1.0,often,BU_A,BU_A
E0262,E0350,1.0,often,BU_C,BU_C
E0262,E0422,0.86,frequent,BU_C,BU_C
E0265,E0282,1.0,often,BU_A,BU_A
E0265,E0293,1.0,often,BU_A,BU_A
E0265,E0336,0.86,frequent,BU_A,BU_A
E0265,E0348,0.65,sometimes,BU_A,BU_A
E0265,E0440,0.86,frequent,BU_A,BU_A
E0265,E0481,1.0,often,BU_A,BU_A
E0265,E0607,0.5,idea_only,BU_A,BU_A
E0266,E0315,0.86,frequent,BU_D,BU_D
E0266,E0381,0.86,frequent,BU_D,BU_D
E0266,E0646,0.65,sometimes,BU_D,HQ
E0267,E0400,1.0,often,BU_B,BU_B
E0267,E0453,1.0,often,BU_B,BU_B
E0268,E0350,1.0,often,BU_C,BU_C
E0268,E0380,0.86,frequent,BU_C,BU_C
E0268,E0669,0.65,sometimes,BU_C,BU_C
E0269,E0307,0.86,frequent,BU_D,BU_D
E0269,E0395,0.86,frequent,BU_D,BU_D
E0269,E0434,0.86,frequent,BU_D,BU_D
E0269,E0475,0.65,sometimes,BU_D,BU_D
E0269,E0624,1.0,often,BU_D,BU_D
E0270,E0334,1.0,often,BU_C,BU_C
E0270,E0426,1.0,often,BU_C,BU_C
E0273,E0356,1.0,often,BU_C,BU_C
E0273,E0604,0.86,frequent,BU_C,BU_C
E0274,E0305,0.86,frequent,BU_A,BU_A
E0274,E0341,1.0,often,BU_A,BU_A
E0274,E0567,0.86,frequent,BU_A,BU_A
E0274,E0603,0.86,frequent,BU_A,BU_A
E0274,E0632,0.5,idea_only,BU_A,BU_A
E0275,E0301,1.0,often,BU_E,BU_E
E0275,E0325,0.65,sometimes,BU_E,BU_E
E0275,E0403,0.86,frequent,BU_E,BU_E
E0275,E0546,0.86,frequent,BU_E,BU_E
E0276,E0372,0.5,idea_only,BU_D,BU_D
E0276,E0624,1.0,often,BU_D,BU_D
E0277,E0292,1.0,often,BU_E,BU_E
E0277,E0353,0.86,frequent,BU_E,BU_E
E0277,E0543,0.86,frequent,BU_E,BU_E
E0277,E0651,1.0,often,BU_E,BU_E
E0278,E0453,1.0,often,BU_B,BU_B
E0278,E0468,1.0,often,BU_B,BU_B
E0279,E0280,0.65,sometimes,BU_A,BU_A
E0279,E0284,1.0,often,BU_A,BU_A
E0279,E0293,0.86,frequent,BU_A,BU_A
E0279,E0336,1.0,often,BU_A,BU_A
E0279,E0386,0.86,frequent,BU_A,BU_A
E0279,E0496,0.65,sometimes,BU_A,BU_A
E0279,E0545,1.0,often,BU_A,BU_A
E0279,E0567,0.86,frequent,BU_A,BU_A
E0279,E0632,1.0,often,BU_A,BU_A
E0280,E0341,1.0,often,BU_A,BU_A
E0280,E0348,1.0,often,BU_A,BU_A
E0280,E0607,0.5,idea_only,BU_A,BU_A
E0280,E0632,1.0,often,BU_A,BU_A
E0281,E0342,1.0,often,BU_A,BU_A
E0281,E0357,1.0,often,BU_A,BU_A
E0281,E0485,0.86,frequent,BU_A,BU_A
E0281,E0607,1.0,often,BU_A,BU_A
E0282,E0357,0.86,frequent,BU_A,BU_A
E0282,E0424,0.65,sometimes,BU_A,BU_A
E0282,E0663,0.5,idea_only,BU_A,BU_A
E0283,E0403,0.86,frequent,BU_E,BU_E
E0283,E0494,0.65,sometimes,BU_E,BU_E
E0283,E0517,1.0,often,BU_E,BU_E
E0283,E0522,1.0,often,BU_E,BU_E
E0283,E0543,0.86,frequent,BU_E,BU_E
E0284,E0328,0.65,sometimes,BU_A,BU_A
E0284,E0337,0.5,idea_only,BU_A,BU_A
E0284,E0661,1.0,often,BU_A,BU_A
E0285,E0323,0.5,idea_only,BU_E,BU_E
E0285,E0353,1.0,often,BU_E,BU_E
E0285,E0530,0.5,idea_only,BU_E,BU_E
E0286,E0378,0.65,sometimes,BU_A,BU_A
E0286,E0451,1.0,often,BU_A,BU_A
E0286,E0536,0.65,sometimes,BU_A,BU_A
E0286,E0569,0.86,frequent,BU_A,BU_A
E0286,E0657,0.86,frequent,BU_A,BU_A
E0287,E0292,1.0,often,BU_E,BU_E
E0287,E0517,0.86,frequent,BU_E,BU_E
E0288,E0401,0.86,frequent,BU_B,BU_B
E0288,E0499,1.0,often,BU_B,BU_B
E0288,E0561,0.86,frequent,BU_B,BU_B
E0290,E0370,1.0,often,BU_B,BU_B
E0291,E0308,1.0,often,BU_C,BU_C
E0291,E0524,0.86,frequent,BU_C,BU_C
E0292,E0373,1.0,often,BU_E,BU_E
E0293,E0485,0.86,frequent,BU_A,BU_A
E0293,E0536,1.0,often,BU_A,BU_A
E0294,E0332,0.86,frequent,BU_A,BU_A
E0294,E0344,0.5,idea_only,BU_A,BU_A
E0294,E0418,0.86,frequent,BU_A,BU_A
E0294,E0500,0.86,frequent,BU_A,BU_A
E0294,E0507,0.86,frequent,BU_A,BU_A
E0297,E0418,1.0,often,BU_A,BU_A
E0297,E0523,1.0,often,BU_A,BU_A
E0298,E0379,1.0,often,BU_E,BU_E
E0300,E0499,0.5,idea_only,BU_B,BU_B
E0300,E0555,0.86,frequent,BU_B,BU_B
E0301,E0321,0.86,frequent,BU_E,BU_E
E0301,E0620,1.0,often,BU_E,BU_E
E0301,E0625,0.86,frequent,BU_E,BU_E
E0302,E0561,0.86,frequent,BU_B,BU_B
E0304,E0354,0.65,sometimes,BU_B,BU_B
E0304,E0512,1.0,often,BU_B,BU_B
E0304,E0514,1.0,often,BU_B,BU_B
E0305,E0332,0.5,idea_only,BU_A,BU_A
E0305,E0407,0.86,frequent,BU_A,BU_A
E0305,E0451,0.65,sometimes,BU_A,BU_A
E0305,E0500,1.0,often,BU_A,BU_A
E0307,E0513,1.0,often,BU_D,BU_D
E0307,E0544,0.65,sometimes,BU_D,BU_D
E0308,E0363,0.65,sometimes,BU_C,BU_C
E0308,E0497,0.86,frequent,BU_C,BU_C
E0310,E0533,0.5,idea_only,BU_D,BU_D
E0310,E0656,0.86,frequent,BU_D,BU_D
E0311,E0493,0.86,frequent,BU_E,BU_E
E0311,E0522,0.86,frequent,BU_E,BU_E
E0311,E0580,0.86,frequent,BU_E,BU_E
E0311,E0655,1.0,often,BU_E,BU_E
E0311,E0502,1.0,often,BU_E,HQ
E0313,E0419,0.86,frequent,BU_D,BU_D
E0313,E0520,0.86,frequent,BU_D,BU_D
E0313,E0635,0.86,frequent,BU_D,BU_D
E0314,E0331,1.0,often,BU_C,BU_C
E0314,E0576,0.5,idea_only,BU_C,BU_C
E0315,E0411,1.0,often,BU_D,BU_D
E0315,E0533,0.86,frequent,BU_D,BU_D
E0315,E0635,1.0,often,BU_D,BU_D
E0316,E0404,1.0,often,BU_C,BU_C
E0316,E0524,0.5,idea_only,BU_C,BU_C
E0316,E0525,0.65,sometimes,BU_C,BU_C
E0318,E0624,0.86,frequent,BU_D,BU_D
E0319,E0464,1.0,often,BU_D,BU_D
E0319,E0533,0.65,sometimes,BU_D,BU_D
E0320,E0363,0.5,idea_only,BU_C,BU_C
E0320,E0503,0.5,idea_only,BU_C,BU_C
E0321,E0379,1.0,often,BU_E,BU_E
E0321,E0517,0.65,sometimes,BU_E,BU_E
E0323,E0403,1.0,often,BU_E,BU_E
E0324,E0386,0.86,frequent,BU_A,BU_A
E0324,E0439,1.0,often,BU_A,BU_A
E0324,E0451,1.0,often,BU_A,BU_A
E0324,E0540,0.5,idea_only,BU_A,BU_A
E0325,E0340,0.86,frequent,BU_E,BU_E
E0325,E0421,0.86,frequent,BU_E,BU_E
E0325,E0428,0.86,frequent,BU_E,BU_E
E0325,E0543,0.86,frequent,BU_E,BU_E
E0326,E0327,0.86,frequent,BU_C,BU_C
E0326,E0352,1.0,often,BU_C,BU_C
E0327,E0417,0.86,frequent,BU_C,BU_C
E0327,E0521,0.86,frequent,BU_C,BU_C
E0328,E0337,0.86,frequent,BU_A,BU_A
E0328,E0349,1.0,often,BU_A,BU_A
E0328,E0451,1.0,often,BU_A,BU_A
E0328,E0545,1.0,often,BU_A,BU_A
E0328,E0569,0.86,frequent,BU_A,BU_A
E0331,E0363,0.86,frequent,BU_C,BU_C
E0331,E0427,1.0,often,BU_C,BU_C
E0331,E0515,0.86,frequent,BU_C,BU_C
E0332,E0348,1.0,often,BU_A,BU_A
E0332,E0500,1.0,often,BU_A,BU_A
E0334,E0362,0.65,sometimes,BU_C,BU_C
E0334,E0380,0.5,idea_only,BU_C,BU_C
E0334,E0387,0.86,frequent,BU_C,BU_C
E0334,E0518,0.86,frequent,BU_C,BU_C
E0334,E0664,0.86,frequent,BU_C,BU_C
E0336,E0342,0.5,idea_only,BU_A,BU_A
E0336,E0357,1.0,often,BU_A,BU_A
E0336,E0424,1.0,often,BU_A,BU_A
E0336,E0481,0.65,sometimes,BU_A,BU_A
E0337,E0386,1.0,often,BU_A,BU_A
E0341,E0378,1.0,often,BU_A,BU_A
E0342,E0378,1.0,often,BU_A,BU_A
E0343,E0419,0.65,sometimes,BU_D,BU_D
E0344,E0418,0.86,frequent,BU_A,BU_A
E0345,E0397,0.5,idea_only,BU_B,BU_B
E0346,E0367,1.0,often,BU_C,BU_C
E0346,E0551,1.0,often,BU_C,BU_C
E0346,E0576,1.0,often,BU_C,BU_C
E0346,E0634,1.0,often,BU_C,BU_C
E0347,E0490,0.65,sometimes,BU_D,BU_D
E0348,E0523,0.86,frequent,BU_A,BU_A
E0348,E0536,0.5,idea_only,BU_A,BU_A
E0348,E0607,1.0,often,BU_A,BU_A
E0349,E0418,1.0,often,BU_A,BU_A
E0349,E0663,0.86,frequent,BU_A,BU_A
E0350,E0576,0.86,frequent,BU_C,BU_C
E0350,E0669,0.86,frequent,BU_C,BU_C
E0351,E0471,1.0,often,BU_B,BU_B
E0352,E0366,0.65,sometimes,BU_C,BU_C
E0352,E0380,0.65,sometimes,BU_C,BU_C
E0352,E0634,0.65,sometimes,BU_C,BU_C
E0353,E0530,1.0,often,BU_E,BU_E
E0353,E0546,0.65,sometimes,BU_E,BU_E
E0354,E0435,0.65,sometimes,BU_B,BU_B
E0354,E0478,0.86,frequent,BU_B,BU_B
E0354,E0555,0.65,sometimes,BU_B,BU_B
E0356,E0367,0.86,frequent,BU_C,BU_C
E0356,E0417,1.0,often,BU_C,BU_C
E0356,E0644,0.86,frequent,BU_C,BU_C
E0357,E0500,0.5,idea_only,BU_A,BU_A
E0357,E0607,0.65,sometimes,BU_A,BU_A
E0357,E0502,0.86,frequent,BU_A,HQ
E0358,E0474,1.0,often,BU_E,BU_E
E0363,E0422,1.0,often,BU_C,BU_C
E0364,E0442,0.86,frequent,BU_B,BU_B
E0364,E0478,0.65,sometimes,BU_B,BU_B
E0364,E0499,1.0,often,BU_B,BU_B
E0364,E0514,0.86,frequent,BU_B,BU_B
E0365,E0384,1.0,often,BU_E,BU_E
E0365,E0530,0.86,frequent,BU_E,BU_E
E0365,E0543,0.86,frequent,BU_E,BU_E
E0365,E0625,0.5,idea_only,BU_E,BU_E
E0366,E0444,1.0,often,BU_C,BU_C
E0367,E0479,0.65,sometimes,BU_C,BU_C
E0371,E0387,0.86,frequent,BU_C,BU_C
E0371,E0402,0.86,frequent,BU_C,BU_C
E0371,E0422,0.86,frequent,BU_C,BU_C
E0371,E0497,1.0,often,BU_C,BU_C
E0371,E0576,0.86,frequent,BU_C,BU_C
E0371,E0664,0.86,frequent,BU_C,BU_C
E0372,E0419,0.86,frequent,BU_D,BU_D
E0372,E0544,0.86,frequent,BU_D,BU_D
E0372,E0636,1.0,often,BU_D,BU_D
E0373,E0655,0.86,frequent,BU_E,BU_E
E0378,E0536,0.65,sometimes,BU_A,BU_A
E0379,E0522,0.65,sometimes,BU_E,BU_E
E0380,E0430,1.0,often,BU_C,BU_C
E0381,E0434,0.65,sometimes,BU_D,BU_D
E0386,E0418,1.0,often,BU_A,BU_A
E0386,E0540,0.5,idea_only,BU_A,BU_A
E0387,E0526,1.0,often,BU_C,BU_C
E0387,E0644,0.65,sometimes,BU_C,BU_C
E0390,E0433,0.65,sometimes,BU_E,BU_E
E0390,E0582,0.65,sometimes,BU_E,BU_E
E0390,E0475,1.0,often,BU_E,BU_D
E0392,E0456,0.86,frequent,BU_E,BU_E
E0392,E0582,1.0,often,BU_E,BU_E
E0395,E0434,1.0,often,BU_D,BU_D
E0400,E0458,0.65,sometimes,BU_B,BU_B
E0401,E0471,0.86,frequent,BU_B,BU_B
E0402,E0417,0.86,frequent,BU_C,BU_C
E0402,E0604,0.5,idea_only,BU_C,BU_C
E0403,E0493,1.0,often,BU_E,BU_E
E0403,E0517,0.86,frequent,BU_E,BU_E
E0403,E0620,1.0,often,BU_E,BU_E
E0404,E0524,0.65,sometimes,BU_C,BU_C
E0404,E0525,1.0,often,BU_C,BU_C
E0404,E0526,0.65,sometimes,BU_C,BU_C
E0406,E0496,0.86,frequent,BU_A,BU_A
E0406,E0529,0.86,frequent,BU_A,BU_A
E0406,E0607,1.0,often,BU_A,BU_A
E0407,E0452,0.5,idea_only,BU_A,BU_A
E0409,E0582,0.86,frequent,BU_E,BU_E
E0411,E0416,0.5,idea_only,BU_D,BU_D
E0411,E0432,1.0,often,BU_D,BU_D
E0411,E0624,1.0,often,BU_D,BU_D
E0412,E0435,1.0,often,BU_B,BU_B
E0412,E0453,1.0,often,BU_B,BU_B
E0416,E0434,0.5,idea_only,BU_D,BU_D
E0416,E0520,0.86,frequent,BU_D,BU_D
E0417,E0422,0.65,sometimes,BU_C,BU_C
E0417,E0460,1.0,often,BU_C,BU_C
E0417,E0634,0.5,idea_only,BU_C,BU_C
E0417,E0664,0.86,frequent,BU_C,BU_C
E0419,E0475,1.0,often,BU_D,BU_D
E0419,E0480,1.0,often,BU_D,BU_D
E0419,E0513,0.65,sometimes,BU_D,BU_D
E0419,E0595,1.0,often,BU_D,BU_D
E0419,E0636,1.0,often,BU_D,BU_D
E0421,E0428,1.0,often,BU_E,BU_E
E0422,E0426,1.0,often,BU_C,BU_C
E0422,E0524,0.86,frequent,BU_C,BU_C
E0422,E0551,1.0,often,BU_C,BU_C
E0424,E0481,1.0,often,BU_A,BU_A
E0427,E0430,0.65,sometimes,BU_C,BU_C
E0428,E0546,0.86,frequent,BU_E,BU_E
E0428,E0651,0.65,sometimes,BU_E,BU_E
E0430,E0518,1.0,often,BU_C,BU_C
E0430,E0526,0.86,frequent,BU_C,BU_C
E0433,E0592,0.65,sometimes,BU_E,BU_E
E0434,E0490,0.65,sometimes,BU_D,BU_D
E0434,E0513,0.86,frequent,BU_D,BU_D
E0439,E0481,1.0,often,BU_A,BU_A
E0442,E0468,1.0,often,BU_B,BU_B
E0442,E0491,1.0,often,BU_B,BU_B
E0444,E0669,0.86,frequent,BU_C,BU_C
E0448,E0623,0.65,sometimes,BU_B,BU_B
E0452,E0485,1.0,often,BU_A,BU_A
E0452,E0496,1.0,often,BU_A,BU_A
E0458,E0512,1.0,often,BU_B,BU_B
E0460,E0525,0.65,sometimes,BU_C,BU_C
E0475,E0544,0.86,frequent,BU_D,BU_D
E0478,E0491,0.86,frequent,BU_B,BU_B
E0478,E0561,0.5,idea_only,BU_B,BU_B
E0480,E0490,1.0,often,BU_D,BU_D
E0482,E0518,1.0,often,BU_C,BU_C
E0482,E0525,1.0,often,BU_C,BU_C
E0485,E0529,0.65,sometimes,BU_A,BU_A
E0485,E0536,0.65,sometimes,BU_A,BU_A
E0485,E0603,1.0,often,BU_A,BU_A
E0486,E0664,0.65,sometimes,BU_C,BU_C
E0494,E0587,0.65,sometimes,BU_E,BU_E
E0495,E0580,1.0,often,BU_E,BU_E
E0495,E0592,0.86,frequent,BU_E,BU_E
E0496,E0507,1.0,often,BU_A,BU_A
E0497,E0664,1.0,often,BU_C,BU_C
E0498,E0500,0.65,sometimes,BU_A,BU_A
E0498,E0607,0.86,frequent,BU_A,BU_A
E0501,E0608,0.65,sometimes,BU_E,BU_E
E0503,E0526,1.0,often,BU_C,BU_C
E0504,E0632,1.0,often,BU_A,BU_A
E0504,E0657,1.0,often,BU_A,BU_A
E0507,E0567,0.86,frequent,BU_A,BU_A
E0507,E0663,0.5,idea_only,BU_A,BU_A
E0508,E0595,1.0,often,BU_D,BU_D
E0508,E0636,0.65,sometimes,BU_D,BU_D
E0515,E0644,1.0,often,BU_C,BU_C
E0521,E0669,0.65,sometimes,BU_C,BU_C
E0523,E0529,0.86,frequent,BU_A,BU_A
E0523,E0567,0.86,frequent,BU_A,BU_A
E0525,E0664,0.65,sometimes,BU_C,BU_C
E0530,E0655,0.86,frequent,BU_E,BU_E
E0532,E0644,1.0,often,BU_C,BU_C
E0540,E0603,0.86,frequent,BU_A,BU_A
E0543,E0625,0.5,idea_only,BU_E,BU_E
E0543,E0655,1.0,often,BU_E,BU_E
E0545,E0569,1.0,often,BU_A,BU_A
E0546,E0582,0.86,frequent,BU_E,BU_E
E0546,E0620,0.65,sometimes,BU_E,BU_E
E0551,E0634,0.86,frequent,BU_C,BU_C
E0558,E0646,1.0,often,HQ,HQ
E0567,E0607,1.0,often,BU_A,BU_A
E0569,E0632,0.86,frequent,BU_A,BU_A
E0576,E0604,0.65,sometimes,BU_C,BU_C
E0582,E0620,0.86,frequent,BU_E,BU_E
E0595,E0624,0.86,frequent,BU_D,BU_D
E0607,E0657,0.65,sometimes,BU_A,BU_A
E0607,E0663,0.86,frequent,BU_A,BU_A
